video,shot,clip,label,has_crossing,gap_sec,vertical_drop,horiz_offset_above,horiz_offset_through,bounced_back,time_to_bounce,n_detections,detection_rate,n_below_after
DJI_20260725152636_0001_D,shot_001.mp4,DJI_20260725152636_0001_D/shot_001.mp4,goal,1,0.4004000000000003,1.234125845772879,0.45580363554113096,0.5556497910443485,0,999.0,22,0.20952380952380953,7
DJI_20260725152636_0001_D,shot_002.mp4,DJI_20260725152636_0001_D/shot_002.mp4,goal,1,0.5338666666666667,1.3821417672293523,0.5204455207375926,0.5641124949735761,0,999.0,26,0.24761904761904763,7
DJI_20260725152636_0001_D,shot_003.mp4,DJI_20260725152636_0001_D/shot_003.mp4,goal,1,0.13346666666666668,0.8295054844447539,0.5753467335420509,0.6556716021369493,0,999.0,25,0.23809523809523808,2
DJI_20260725152636_0001_D,shot_004.mp4,DJI_20260725152636_0001_D/shot_004.mp4,no_goal,1,0.13346666666666707,0.6581296648297993,0.039441725786993245,0.5636802224551928,0,999.0,25,0.23809523809523808,3
DJI_20260725152636_0001_D,shot_005.mp4,DJI_20260725152636_0001_D/shot_005.mp4,no_goal,1,0.13346666666666707,0.4534528459821432,0.5601146922392002,0.4115597893210009,0,999.0,48,0.45714285714285713,28
DJI_20260725152636_0001_D,shot_006.mp4,DJI_20260725152636_0001_D/shot_006.mp4,no_goal,1,0.06673333333333353,0.05444837297712085,0.955420774572035,0.41222704719094655,0,999.0,92,0.8761904761904762,19
DJI_20260725152636_0001_D,shot_007.mp4,DJI_20260725152636_0001_D/shot_007.mp4,no_goal,1,0.06673333333333353,0.15871538434709845,0.3049528234145231,0.3323963838465086,0,999.0,105,1.0,29
DJI_20260725152636_0001_D,shot_008.mp4,DJI_20260725152636_0001_D/shot_008.mp4,goal,1,0.26693333333333413,0.7296966552734373,0.17619853300206717,0.4192797492532176,0,999.0,13,0.12380952380952381,3
DJI_20260725152636_0001_D,shot_009.mp4,DJI_20260725152636_0001_D/shot_009.mp4,no_goal,1,0.06673333333333353,0.293270002092634,0.6617582433363975,0.8018362606272985,0,999.0,26,0.24761904761904763,14
DJI_20260725152636_0001_D,shot_010.mp4,DJI_20260725152636_0001_D/shot_010.mp4,no_goal,1,0.20020000000000002,0.7205610002790178,0.14150345746208537,0.8071849149816175,0,999.0,28,0.26666666666666666,3
DJI_20260725152636_0001_D,shot_011.mp4,DJI_20260725152636_0001_D/shot_011.mp4,no_goal,1,0.13346666666666618,0.21522543770926306,0.5501478307387421,0.6658608829273905,0,999.0,15,0.14285714285714285,10
DJI_20260725152636_0001_D,shot_012.mp4,DJI_20260725152636_0001_D/shot_012.mp4,no_goal,1,0.13346666666666618,0.5545172555106024,0.3406896254595576,0.5086302813361663,0,999.0,19,0.18095238095238095,1
DJI_20260725152636_0001_D,shot_013.mp4,DJI_20260725152636_0001_D/shot_013.mp4,goal,1,0.13346666666666618,0.25383693150111614,0.0983744004193488,0.054221478630513305,0,999.0,36,0.34285714285714286,21
DJI_20260725152636_0001_D,shot_014.mp4,DJI_20260725152636_0001_D/shot_014.mp4,no_goal,1,0.2001999999999997,0.5288613455636162,0.366587829589843,0.6523452758789062,0,999.0,18,0.17142857142857143,6
DJI_20260725152636_0001_D,shot_015.mp4,DJI_20260725152636_0001_D/shot_015.mp4,goal,1,0.26693333333333324,1.057401602608817,0.0008417466107526737,0.22597763959099307,0,999.0,17,0.1619047619047619,2
DJI_20260725152636_0001_D,shot_016.mp4,DJI_20260725152636_0001_D/shot_016.mp4,no_goal,1,0.13346666666666707,0.24476492745535647,0.27079557531020326,0.4438272812787233,0,999.0,18,0.17142857142857143,7
DJI_20260725152636_0001_D,shot_017.mp4,DJI_20260725152636_0001_D/shot_017.mp4,goal,1,0.13346666666666707,0.20416368756975495,0.16972898595473487,0.03182364071116863,0,999.0,13,0.12380952380952381,8
DJI_20260725152636_0001_D,shot_018.mp4,DJI_20260725152636_0001_D/shot_018.mp4,no_goal,1,0.13346666666666707,0.5445787702287939,0.06068294749540327,0.1126932480755978,1,1.4681333333333333,33,0.3142857142857143,20
DJI_20260725152636_0001_D,shot_019.mp4,DJI_20260725152636_0001_D/shot_019.mp4,no_goal,1,0.06673333333333353,0.4013469151088163,0.7742984547334576,0.8832259234260119,0,999.0,24,0.22857142857142856,11
DJI_20260725152636_0001_D,shot_020.mp4,DJI_20260725152636_0001_D/shot_020.mp4,no_goal,1,0.06673333333333353,0.29483446393694196,0.47813182157628814,0.587823665843291,0,999.0,36,0.34285714285714286,5
DJI_20260725152636_0001_D,shot_021.mp4,DJI_20260725152636_0001_D/shot_021.mp4,no_goal,1,0.06673333333333265,0.16972983224051308,0.1734110215130986,0.17195003733915498,0,999.0,19,0.18095238095238095,7
DJI_20260725152636_0001_D,shot_022.mp4,DJI_20260725152636_0001_D/shot_022.mp4,goal,1,0.26693333333333413,1.0936512538364958,0.14306416231043245,0.1293866325827204,0,999.0,24,0.22857142857142856,2
DJI_20260725152636_0001_D,shot_023.mp4,DJI_20260725152636_0001_D/shot_023.mp4,no_goal,1,0.06673333333333353,0.362744358607701,0.6960600011488984,0.7634876924402584,0,999.0,18,0.17142857142857143,3
DJI_20260725152636_0001_D,shot_024.mp4,DJI_20260725152636_0001_D/shot_024.mp4,no_goal,1,0.06673333333333353,0.23013436453683103,0.78088935403263,0.846871589211858,0,999.0,20,0.19047619047619047,4
DJI_20260725152636_0001_D,shot_025.mp4,DJI_20260725152636_0001_D/shot_025.mp4,no_goal,1,0.3336666666666668,2.57204350062779,0.6250559189740346,0.7542528937844682,0,999.0,15,0.14285714285714285,1
DJI_20260725152636_0001_D,shot_026.mp4,DJI_20260725152636_0001_D/shot_026.mp4,goal,1,0.2002000000000006,1.056396048409598,0.10273778578814417,0.20959104650160762,0,999.0,11,0.10476190476190476,3
DJI_20260725152636_0001_D,shot_027.mp4,DJI_20260725152636_0001_D/shot_027.mp4,no_goal,1,0.06673333333333353,0.33288901192801285,0.6443948184742654,0.755192296645222,0,999.0,14,0.13333333333333333,4
DJI_20260725152636_0001_D,shot_028.mp4,DJI_20260725152636_0001_D/shot_028.mp4,no_goal,1,0.06673333333333353,0.12437133789062484,0.485466093175553,0.5642437205595137,0,999.0,16,0.1523809523809524,5
DJI_20260725152636_0001_D,shot_029.mp4,DJI_20260725152636_0001_D/shot_029.mp4,no_goal,1,0.06673333333333353,0.19185682024274525,0.5760751163258284,0.6547417135799648,0,999.0,28,0.26666666666666666,5
DJI_20260725152636_0001_D,shot_030.mp4,DJI_20260725152636_0001_D/shot_030.mp4,no_goal,1,0.06673333333333353,0.1609488351004467,0.517786990894992,0.5755931181066188,1,1.7350666666666665,33,0.3142857142857143,9
DJI_20260725152636_0001_D,shot_031.mp4,DJI_20260725152636_0001_D/shot_031.mp4,goal,1,0.06673333333333353,0.14050401960100378,0.48962061264935824,0.549333908978632,1,1.735066666666666,41,0.3904761904761905,8
DJI_20260725152636_0001_D,shot_032.mp4,DJI_20260725152636_0001_D/shot_032.mp4,no_goal,1,0.26693333333333324,1.3066957746233263,0.08488545137293235,0.3017772001378683,0,999.0,12,0.11428571428571428,1
DJI_20260725152636_0001_D,shot_033.mp4,DJI_20260725152636_0001_D/shot_033.mp4,no_goal,1,0.06673333333333353,0.14957427978515633,0.49931290570427495,0.574637289608227,0,999.0,20,0.19047619047619047,6
DJI_20260725152636_0001_D,shot_034.mp4,DJI_20260725152636_0001_D/shot_034.mp4,no_goal,0,999.0,0.0,1.0,1.0,0,999.0,19,0.18095238095238095,0
DJI_20260725152636_0001_D,shot_035.mp4,DJI_20260725152636_0001_D/shot_035.mp4,goal,1,0.26693333333333324,1.3471490042550225,0.3301800896139712,0.28807005040785716,0,999.0,16,0.1523809523809524,3
DJI_20260725152636_0001_D,shot_036.mp4,DJI_20260725152636_0001_D/shot_036.mp4,goal,1,0.2001999999999997,0.6057144165039061,0.07143635469324335,0.011809225643382609,0,999.0,20,0.19047619047619047,2
DJI_20260725152636_0001_D,shot_037.mp4,DJI_20260725152636_0001_D/shot_037.mp4,goal,1,0.13346666666666707,0.35313611711774584,0.1493194580078139,0.004725826487821359,0,999.0,18,0.17142857142857143,3
DJI_20260725154152_0002_D,shot_001.mp4,DJI_20260725154152_0002_D/shot_001.mp4,goal,1,0.06673333333333353,0.26299460274832587,0.7870700611787677,0.9389639910529639,0,999.0,37,0.3523809523809524,7
DJI_20260725154152_0002_D,shot_002.mp4,DJI_20260725154152_0002_D/shot_002.mp4,no_goal,1,0.4004000000000003,1.3484911237444195,1.081999116785388,0.258768508013558,1,1.7350666666666665,27,0.2571428571428571,5
DJI_20260725154152_0002_D,shot_003.mp4,DJI_20260725154152_0002_D/shot_003.mp4,no_goal,1,0.26693333333333324,0.8073063441685269,0.04670446059283174,0.595327220243567,0,999.0,20,0.19047619047619047,3
DJI_20260725154152_0002_D,shot_004.mp4,DJI_20260725154152_0002_D/shot_004.mp4,no_goal,1,0.06673333333333353,0.2128651210239953,0.3681294160730703,0.3890598970301019,0,999.0,27,0.2571428571428571,6
DJI_20260725154152_0002_D,shot_005.mp4,DJI_20260725154152_0002_D/shot_005.mp4,goal,1,0.06673333333333353,0.1958816528320315,0.028268791647518894,0.07608023250804265,0,999.0,35,0.3333333333333333,16
DJI_20260725154152_0002_D,shot_006.mp4,DJI_20260725154152_0002_D/shot_006.mp4,goal,1,0.26693333333333324,1.8436741420200886,0.4549646714154423,0.20443483240464064,0,999.0,15,0.14285714285714285,6
DJI_20260725154152_0002_D,shot_007.mp4,DJI_20260725154152_0002_D/shot_007.mp4,no_goal,1,0.13346666666666618,0.3597233363560267,0.1568055096794581,0.23846776625689414,0,999.0,25,0.23809523809523808,6
DJI_20260725154152_0002_D,shot_008.mp4,DJI_20260725154152_0002_D/shot_008.mp4,no_goal,1,0.06673333333333331,0.21956045968191917,0.20098356359145328,0.2365401324103867,0,999.0,40,0.38095238095238093,6
DJI_20260725154152_0002_D,shot_009.mp4,DJI_20260725154152_0002_D/shot_009.mp4,no_goal,1,0.3336666666666668,1.2973992483956476,0.28365729836856757,0.49476874856387915,0,999.0,33,0.3142857142857143,2
DJI_20260725154152_0002_D,shot_010.mp4,DJI_20260725154152_0002_D/shot_010.mp4,goal,1,0.26693333333333324,1.0667848859514506,0.2182899026309747,0.2250939761891093,0,999.0,7,0.06666666666666667,2
DJI_20260725154152_0002_D,shot_011.mp4,DJI_20260725154152_0002_D/shot_011.mp4,no_goal,1,0.06673333333333353,0.15850088936941956,0.05053001852596392,0.09822522331686492,0,999.0,29,0.2761904761904762,14
DJI_20260725154152_0002_D,shot_012.mp4,DJI_20260725154152_0002_D/shot_012.mp4,no_goal,1,0.2002000000000006,1.1021028791155132,0.2699370440314804,0.5975015079273909,0,999.0,25,0.23809523809523808,2
DJI_20260725154152_0002_D,shot_013.mp4,DJI_20260725154152_0002_D/shot_013.mp4,no_goal,1,0.26693333333333324,0.8550585065569203,0.4129488776711861,0.5770782470703134,0,999.0,13,0.12380952380952381,6
DJI_20260725154152_0002_D,shot_014.mp4,DJI_20260725154152_0002_D/shot_014.mp4,goal,1,0.06673333333333353,0.12439618791852626,0.09358367919922021,0.2319305419921881,1,0.06673333333333353,34,0.3238095238095238,4
DJI_20260725154152_0002_D,shot_015.mp4,DJI_20260725154152_0002_D/shot_015.mp4,no_goal,1,0.06673333333333353,0.027258954729352972,0.2954329546760123,0.38819310805376944,0,999.0,25,0.23809523809523808,16
DJI_20260725154152_0002_D,shot_016.mp4,DJI_20260725154152_0002_D/shot_016.mp4,no_goal,1,0.2001999999999997,0.8013181413922994,0.043297442267923814,0.39843911563648937,0,999.0,12,0.11428571428571428,3
DJI_20260725154152_0002_D,shot_017.mp4,DJI_20260725154152_0002_D/shot_017.mp4,no_goal,1,0.06673333333333353,0.2050916399274556,0.5755721148322616,0.7391937255859391,0,999.0,31,0.29523809523809524,10
DJI_20260725154152_0002_D,shot_018.mp4,DJI_20260725154152_0002_D/shot_018.mp4,goal,1,0.26693333333333324,1.0889349801199772,0.018123133042280422,0.34714202880859524,0,999.0,19,0.18095238095238095,9
DJI_20260725154152_0002_D,shot_019.mp4,DJI_20260725154152_0002_D/shot_019.mp4,no_goal,1,0.2001999999999997,0.845387922014509,0.7725396549000456,0.1305658677045029,0,999.0,15,0.14285714285714285,3
DJI_20260725154152_0002_D,shot_020.mp4,DJI_20260725154152_0002_D/shot_020.mp4,no_goal,1,0.06673333333333353,0.25112849644252283,0.43028016931870366,0.4953518138212305,0,999.0,37,0.3523809523809524,22
DJI_20260725154152_0002_D,shot_021.mp4,DJI_20260725154152_0002_D/shot_021.mp4,goal,1,0.2001999999999997,1.3301016671316965,0.3943227431353412,0.05787344539866605,0,999.0,8,0.0761904761904762,1
DJI_20260725154152_0002_D,shot_022.mp4,DJI_20260725154152_0002_D/shot_022.mp4,goal,1,0.26693333333333324,1.2034179687499997,0.15435539694393322,0.22354009291704863,0,999.0,30,0.2857142857142857,15
DJI_20260725154152_0002_D,shot_023.mp4,DJI_20260725154152_0002_D/shot_023.mp4,goal,1,0.2001999999999997,1.4638844081333702,0.5725624533260583,0.10201739142922656,0,999.0,13,0.12380952380952381,9
DJI_20260725154152_0002_D,shot_024.mp4,DJI_20260725154152_0002_D/shot_024.mp4,no_goal,1,0.13346666666666618,0.25083443777901704,0.5150906731100652,0.6581551944508284,0,999.0,22,0.20952380952380953,6
DJI_20260725154152_0002_D,shot_025.mp4,DJI_20260725154152_0002_D/shot_025.mp4,no_goal,1,0.06673333333333353,0.1849648611886163,0.5139327105353871,0.5739097146426947,0,999.0,22,0.20952380952380953,7
DJI_20260725154152_0002_D,shot_026.mp4,DJI_20260725154152_0002_D/shot_026.mp4,no_goal,1,0.13346666666666707,0.4100788661411829,0.0665297564338228,0.11917949003331664,0,999.0,14,0.13333333333333333,2
DJI_20260725154152_0002_D,shot_027.mp4,DJI_20260725154152_0002_D/shot_027.mp4,no_goal,1,0.13346666666666707,0.6269014630998883,0.4642517089843755,0.0977969001321242,1,0.13346666666666707,12,0.11428571428571428,2
DJI_20260725154152_0002_D,shot_028.mp4,DJI_20260725154152_0002_D/shot_028.mp4,no_goal,0,999.0,0.0,1.0,1.0,0,999.0,21,0.2,0
DJI_20260725154152_0002_D,shot_029.mp4,DJI_20260725154152_0002_D/shot_029.mp4,no_goal,1,0.13346666666666707,0.5874683925083704,0.25113193287568913,0.2461915857651647,0,999.0,16,0.1523809523809524,4
DJI_20260725154152_0002_D,shot_030.mp4,DJI_20260725154152_0002_D/shot_030.mp4,no_goal,1,0.2001999999999997,0.8729435511997766,0.013690544577206976,0.06420440673827994,0,999.0,22,0.20952380952380953,5
DJI_20260725154152_0002_D,shot_031.mp4,DJI_20260725154152_0002_D/shot_031.mp4,goal,1,0.26693333333333413,0.9707765851702009,0.1041894351734845,0.11085716696346537,0,999.0,13,0.12380952380952381,4
DJI_20260725154152_0002_D,shot_032.mp4,DJI_20260725154152_0002_D/shot_032.mp4,no_goal,1,0.13346666666666707,0.6000098092215399,0.12315234015969757,0.3823555441463708,0,999.0,14,0.13333333333333333,3
DJI_20260725154152_0002_D,shot_033.mp4,DJI_20260725154152_0002_D/shot_033.mp4,goal,1,0.06673333333333353,0.05911472865513357,0.2091316671932459,0.10326852237477127,0,999.0,18,0.17142857142857143,3
DJI_20260725154152_0002_D,shot_034.mp4,DJI_20260725154152_0002_D/shot_034.mp4,no_goal,1,0.06673333333333353,0.3686763218470981,0.9126130945542298,0.9519283519071706,0,999.0,17,0.1619047619047619,3
DJI_20260725154152_0002_D,shot_035.mp4,DJI_20260725154152_0002_D/shot_035.mp4,no_goal,1,0.13346666666666707,0.822615269252232,0.23586901496438345,0.31241823084214077,0,999.0,12,0.11428571428571428,0
DJI_20260725154152_0002_D,shot_036.mp4,DJI_20260725154152_0002_D/shot_036.mp4,no_goal,1,0.2001999999999997,0.9196273803710938,0.20721830480239053,0.7578747917624088,1,1.0010000000000003,32,0.3047619047619048,11
DJI_20260725154152_0002_D,shot_037.mp4,DJI_20260725154152_0002_D/shot_037.mp4,goal,1,0.06673333333333265,0.2827778407505579,0.0027291690602018726,0.0510591394761043,0,999.0,25,0.23809523809523808,4
DJI_20260725154152_0002_D,shot_038.mp4,DJI_20260725154152_0002_D/shot_038.mp4,goal,1,0.06673333333333353,0.2141690935407362,0.0707299625172344,0.0027104097254129354,0,999.0,19,0.18095238095238095,4
DJI_20260725154152_0002_D,shot_039.mp4,DJI_20260725154152_0002_D/shot_039.mp4,no_goal,1,0.13346666666666618,0.9957907540457593,0.1782808191636041,0.6592105641084565,0,999.0,10,0.09523809523809523,1
DJI_20260725154152_0002_D,shot_040.mp4,DJI_20260725154152_0002_D/shot_040.mp4,no_goal,1,0.26693333333333413,1.5301188877650662,0.26010374181410956,0.23206347297219737,0,999.0,13,0.12380952380952381,1
DJI_20260725154152_0002_D,shot_041.mp4,DJI_20260725154152_0002_D/shot_041.mp4,no_goal,1,0.3336666666666668,2.305819048200335,0.011492381376378097,0.30708007812500104,0,999.0,51,0.4857142857142857,9
DJI_20260725155925_0003_D,shot_001.mp4,DJI_20260725155925_0003_D/shot_001.mp4,no_goal,0,999.0,0.0,1.0,1.0,0,999.0,13,0.12380952380952381,0
DJI_20260725155925_0003_D,shot_002.mp4,DJI_20260725155925_0003_D/shot_002.mp4,no_goal,1,0.3336666666666668,2.1282854352678564,0.21825301226447477,0.6291690602022069,1,1.3346666666666671,34,0.3238095238095238,8
DJI_20260725155925_0003_D,shot_003.mp4,DJI_20260725155925_0003_D/shot_003.mp4,goal,1,0.3336666666666668,2.1217304774693075,0.2209706025965062,0.6316314697265638,1,1.3346666666666662,29,0.2761904761904762,8
DJI_20260725155925_0003_D,shot_004.mp4,DJI_20260725155925_0003_D/shot_004.mp4,no_goal,1,0.13346666666666707,0.8197895595005584,0.0472311580882364,0.1950691671932449,1,0.13346666666666618,21,0.2,9
DJI_20260725155925_0003_D,shot_005.mp4,DJI_20260725155925_0003_D/shot_005.mp4,goal,1,0.26693333333333324,0.9564525059291298,0.44572691075942217,0.3811737060546866,0,999.0,17,0.1619047619047619,6
DJI_20260725155925_0003_D,shot_006.mp4,DJI_20260725155925_0003_D/shot_006.mp4,no_goal,1,0.2002000000000006,1.5204217093331465,0.12867575252757332,0.21500226189108432,0,999.0,11,0.10476190476190476,0
DJI_20260725155925_0003_D,shot_007.mp4,DJI_20260725155925_0003_D/shot_007.mp4,no_goal,1,0.2002000000000006,1.2766124180385041,0.23051865521599407,0.2506056841681989,0,999.0,16,0.1523809523809524,2
DJI_20260725155925_0003_D,shot_008.mp4,DJI_20260725155925_0003_D/shot_008.mp4,no_goal,1,0.06673333333333353,0.19130684988839244,0.6283422133501855,0.714215267405791,0,999.0,22,0.20952380952380953,5
DJI_20260725155925_0003_D,shot_009.mp4,DJI_20260725155925_0003_D/shot_009.mp4,goal,1,0.2002000000000006,1.3071374075753348,0.1325808356789994,0.33009293500114945,0,999.0,14,0.13333333333333333,1
DJI_20260725155925_0003_D,shot_010.mp4,DJI_20260725155925_0003_D/shot_010.mp4,goal,1,0.2001999999999997,1.219698660714285,0.3784305348115798,0.5018710865693928,1,1.2679333333333331,41,0.3904761904761905,9
DJI_20260725155925_0003_D,shot_011.mp4,DJI_20260725155925_0003_D/shot_011.mp4,no_goal,1,0.06673333333333353,0.20021078927176314,0.6764933866613062,0.857676607019762,0,999.0,27,0.2571428571428571,3
DJI_20260725155925_0003_D,shot_012.mp4,DJI_20260725155925_0003_D/shot_012.mp4,no_goal,1,0.26693333333333413,1.4898376464843752,0.11172853357651709,0.18278673957376043,0,999.0,34,0.3238095238095238,16
DJI_20260725155925_0003_D,shot_013.mp4,DJI_20260725155925_0003_D/shot_013.mp4,no_goal,1,0.06673333333333353,0.3581065586635044,0.7933019301470597,0.8963421989889715,0,999.0,25,0.23809523809523808,4
DJI_20260725155925_0003_D,shot_014.mp4,DJI_20260725155925_0003_D/shot_014.mp4,no_goal,1,0.06673333333333265,0.6024396623883929,0.6195161707261043,0.6602296717026663,0,999.0,20,0.19047619047619047,1
DJI_20260725155925_0003_D,shot_015.mp4,DJI_20260725155925_0003_D/shot_015.mp4,no_goal,1,0.13346666666666707,0.5568889072963165,0.05036082548253645,0.06377285228056202,1,0.2001999999999997,20,0.19047619047619047,3
DJI_20260725155925_0003_D,shot_016.mp4,DJI_20260725155925_0003_D/shot_016.mp4,no_goal,1,0.26693333333333324,0.9564544677734373,0.09790613511029324,0.565892208323758,1,0.8675333333333333,40,0.38095238095238093,5
DJI_20260725155925_0003_D,shot_017.mp4,DJI_20260725155925_0003_D/shot_017.mp4,no_goal,1,0.26693333333333324,0.9560028076171871,0.09669763901654374,0.5682890948127297,1,0.8675333333333333,37,0.3523809523809524,6
DJI_20260725155925_0003_D,shot_018.mp4,DJI_20260725155925_0003_D/shot_018.mp4,no_goal,1,0.06673333333333331,0.1342919485909596,0.44914631563074325,0.4583514942842368,0,999.0,36,0.34285714285714286,4
DJI_20260725155925_0003_D,shot_019.mp4,DJI_20260725155925_0003_D/shot_019.mp4,goal,1,0.06673333333333353,0.03862958635602648,0.17365435431985418,0.1496399823357088,0,999.0,16,0.1523809523809524,5
DJI_20260725155925_0003_D,shot_020.mp4,DJI_20260725155925_0003_D/shot_020.mp4,goal,1,0.2001999999999997,0.5832050868443083,0.18853687959558765,0.10690917968750072,0,999.0,15,0.14285714285714285,6
DJI_20260725155925_0003_D,shot_021.mp4,DJI_20260725155925_0003_D/shot_021.mp4,goal,1,0.26693333333333324,0.9979616437639501,0.2595860200769774,0.048969852223116166,0,999.0,24,0.22857142857142856,5
DJI_20260725155925_0003_D,shot_022.mp4,DJI_20260725155925_0003_D/shot_022.mp4,no_goal,1,0.06673333333333353,0.48070613316127214,0.7298763499540453,0.6349350873161779,0,999.0,18,0.17142857142857143,9
DJI_20260725155925_0003_D,shot_023.mp4,DJI_20260725155925_0003_D/shot_023.mp4,goal,1,0.2001999999999997,1.1251626150948655,0.5084147733800558,0.3190641515395215,0,999.0,12,0.11428571428571428,6
DJI_20260725155925_0003_D,shot_024.mp4,DJI_20260725155925_0003_D/shot_024.mp4,no_goal,1,0.06673333333333353,0.3744940621512281,0.8713425580193024,0.9618015064912702,0,999.0,29,0.2761904761904762,4
DJI_20260725155925_0003_D,shot_025.mp4,DJI_20260725155925_0003_D/shot_025.mp4,no_goal,1,0.13346666666666618,0.5485994611467627,0.5897365794462307,0.6048905316521133,0,999.0,15,0.14285714285714285,5
DJI_20260725155925_0003_D,shot_026.mp4,DJI_20260725155925_0003_D/shot_026.mp4,no_goal,1,0.2002,0.8920519147600448,0.6484313067267914,0.6528975542853851,0,999.0,31,0.29523809523809524,5
DJI_20260725155925_0003_D,shot_027.mp4,DJI_20260725155925_0003_D/shot_027.mp4,no_goal,1,0.06673333333333353,0.14873068673270126,0.6630617029526665,0.8565867704503685,0,999.0,18,0.17142857142857143,3
DJI_20260725155925_0003_D,shot_028.mp4,DJI_20260725155925_0003_D/shot_028.mp4,no_goal,1,0.06673333333333353,0.09315686907087026,0.28892229865578917,0.29882893281824413,0,999.0,38,0.3619047619047619,7
DJI_20260725155925_0003_D,shot_029.mp4,DJI_20260725155925_0003_D/shot_029.mp4,goal,1,0.46713333333333296,1.3781515938895088,0.5329994650448086,0.6302152745863977,0,999.0,8,0.0761904761904762,3
DJI_20260725155925_0003_D,shot_030.mp4,DJI_20260725155925_0003_D/shot_030.mp4,no_goal,1,0.06673333333333353,0.12067936488560271,0.48131713867187453,0.5358245849609374,0,999.0,10,0.09523809523809523,3
DJI_20260725155925_0003_D,shot_031.mp4,DJI_20260725155925_0003_D/shot_031.mp4,no_goal,1,0.2002000000000006,1.0806982857840397,0.4345149320714606,0.3858095954446222,0,999.0,13,0.12380952380952381,1
DJI_20260725155925_0003_D,shot_032.mp4,DJI_20260725155925_0003_D/shot_032.mp4,goal,1,0.46713333333333296,1.6228020804268977,0.33316031063304274,0.5378029318416836,0,999.0,12,0.11428571428571428,3
DJI_20260725155925_0003_D,shot_033.mp4,DJI_20260725155925_0003_D/shot_033.mp4,no_goal,1,0.06673333333333353,0.25800236293247747,0.5335822610294115,0.5912061803481147,0,999.0,48,0.45714285714285713,8
DJI_20260725155925_0003_D,shot_034.mp4,DJI_20260725155925_0003_D/shot_034.mp4,no_goal,0,999.0,0.0,1.0,1.0,0,999.0,17,0.1619047619047619,0
DJI_20260725155925_0003_D,shot_035.mp4,DJI_20260725155925_0003_D/shot_035.mp4,no_goal,1,0.06673333333333353,0.4290884835379467,0.7585666432100184,0.7429597742417273,0,999.0,18,0.17142857142857143,4
DJI_20260725155925_0003_D,shot_036.mp4,DJI_20260725155925_0003_D/shot_036.mp4,goal,1,0.13346666666666668,0.8563350132533483,0.7592793184168195,0.7470338709214148,0,999.0,29,0.2761904761904762,4
DJI_20260725155925_0003_D,shot_037.mp4,DJI_20260725155925_0003_D/shot_037.mp4,no_goal,1,0.06673333333333353,0.26847098214285664,0.6273850384880527,0.7171016917509203,0,999.0,33,0.3142857142857143,11
DJI_20260725155925_0003_D,shot_038.mp4,DJI_20260725155925_0003_D/shot_038.mp4,no_goal,1,0.06673333333333331,0.26872057233538005,0.6272442985983471,0.7141059426700384,0,999.0,39,0.37142857142857144,11
DJI_20260725155925_0003_D,shot_039.mp4,DJI_20260725155925_0003_D/shot_039.mp4,no_goal,1,0.06673333333333265,0.1650852748325893,0.40982351864085437,0.5300953584558814,0,999.0,28,0.26666666666666666,10
DJI_20260725155925_0003_D,shot_040.mp4,DJI_20260725155925_0003_D/shot_040.mp4,goal,1,0.2001999999999997,1.2623984200613836,0.14102271584903547,0.05846351174747362,0,999.0,10,0.09523809523809523,1
DJI_20260725161614_0006_D,shot_001.mp4,DJI_20260725161614_0006_D/shot_001.mp4,goal,1,0.06673333333333331,0.3096011891084561,0.10383743286133004,0.0950736999511711,0,999.0,26,0.24761904761904763,3
DJI_20260725161614_0006_D,shot_002.mp4,DJI_20260725161614_0006_D/shot_002.mp4,no_goal,1,0.13346666666666707,0.45707702636718756,0.12465515136718812,0.2901293945312522,0,999.0,30,0.2857142857142857,13
DJI_20260725161614_0006_D,shot_003.mp4,DJI_20260725161614_0006_D/shot_003.mp4,goal,1,0.06673333333333353,0.32484220616957676,0.029357986450193586,0.1881492614746078,0,999.0,25,0.23809523809523808,15
DJI_20260725161614_0006_D,shot_004.mp4,DJI_20260725161614_0006_D/shot_004.mp4,goal,1,0.2001999999999997,0.8030594769646138,0.08112083435058388,0.1718351745605452,0,999.0,35,0.3333333333333333,16
DJI_20260725161614_0006_D,shot_005.mp4,DJI_20260725161614_0006_D/shot_005.mp4,goal,1,0.26693333333333324,1.0775559369255514,0.06758575439453192,0.17114616394042828,0,999.0,55,0.5238095238095238,15
DJI_20260725161614_0006_D,shot_006.mp4,DJI_20260725161614_0006_D/shot_006.mp4,no_goal,1,0.06673333333333265,0.36994054457720543,0.7358925628662094,0.758533554077147,0,999.0,37,0.3523809523809524,19
DJI_20260725161614_0006_D,shot_007.mp4,DJI_20260725161614_0006_D/shot_007.mp4,no_goal,1,0.2001999999999997,0.773651661592371,0.3416445922851556,0.07350883483886926,0,999.0,28,0.26666666666666666,15
DJI_20260725161614_0006_D,shot_008.mp4,DJI_20260725161614_0006_D/shot_008.mp4,no_goal,1,0.13346666666666662,0.1298932243795956,0.01274269104004019,0.22137207031250042,0,999.0,50,0.47619047619047616,15
DJI_20260725161614_0006_D,shot_009.mp4,DJI_20260725161614_0006_D/shot_009.mp4,no_goal,1,0.06673333333333353,0.11475183823529443,0.07964546203613375,0.2346948242187521,0,999.0,19,0.18095238095238095,10
DJI_20260725161614_0006_D,shot_010.mp4,DJI_20260725161614_0006_D/shot_010.mp4,no_goal,1,0.06673333333333265,0.1695793600643384,0.4901842498779271,0.4886071777343727,1,0.06673333333333353,33,0.3142857142857143,12
DJI_20260725161614_0006_D,shot_011.mp4,DJI_20260725161614_0006_D/shot_011.mp4,goal,1,0.26693333333333324,1.0629276051240806,0.11686485290527093,0.1880975341796868,0,999.0,37,0.3523809523809524,15
DJI_20260725161614_0006_D,shot_012.mp4,DJI_20260725161614_0006_D/shot_012.mp4,goal,1,0.2001999999999997,1.1295729693244483,0.17837219238281452,0.04544868469238207,0,999.0,9,0.08571428571428572,4
DJI_20260725161614_0006_D,shot_013.mp4,DJI_20260725161614_0006_D/shot_013.mp4,goal,1,0.26693333333333324,0.8294029684627752,0.07240196228027211,0.39239654541015456,0,999.0,17,0.1619047619047619,3
DJI_20260725161614_0006_D,shot_014.mp4,DJI_20260725161614_0006_D/shot_014.mp4,no_goal,1,0.06673333333333353,0.1617625517003673,0.7102856445312513,0.813899688720703,0,999.0,21,0.2,4
DJI_20260725161614_0006_D,shot_015.mp4,DJI_20260725161614_0006_D/shot_015.mp4,no_goal,1,0.06673333333333353,0.2992162367876835,0.464132995605468,0.4641690063476535,0,999.0,36,0.34285714285714286,14
DJI_20260725161614_0006_D,shot_016.mp4,DJI_20260725161614_0006_D/shot_016.mp4,goal,1,0.3336666666666668,0.7467028449563415,0.16162727355956777,0.06754325866699341,0,999.0,20,0.19047619047619047,12
DJI_20260725161614_0006_D,shot_017.mp4,DJI_20260725161614_0006_D/shot_017.mp4,no_goal,1,0.06673333333333353,0.28535587086397024,0.8518724060058568,0.939601974487303,0,999.0,15,0.14285714285714285,3
DJI_20260725161614_0006_D,shot_018.mp4,DJI_20260725161614_0006_D/shot_018.mp4,no_goal,1,0.06673333333333353,0.13060625861672817,0.18342086791992346,0.24520202636718819,0,999.0,32,0.3047619047619048,9
DJI_20260725161614_0006_D,shot_019.mp4,DJI_20260725161614_0006_D/shot_019.mp4,no_goal,1,0.06673333333333353,0.4321192124310658,0.08216567993164284,0.03968345642089656,0,999.0,12,0.11428571428571428,2
DJI_20260725161614_0006_D,shot_020.mp4,DJI_20260725161614_0006_D/shot_020.mp4,no_goal,1,0.13346666666666618,0.1977438534007347,0.4874316406249985,0.13428604125976368,1,0.06673333333333353,13,0.12380952380952381,6
DJI_20260725161614_0006_D,shot_021.mp4,DJI_20260725161614_0006_D/shot_021.mp4,goal,1,0.06673333333333334,0.13979671702665422,0.5085612487792982,0.6508964538574236,0,999.0,33,0.3142857142857143,4
DJI_20260725161614_0006_D,shot_022.mp4,DJI_20260725161614_0006_D/shot_022.mp4,no_goal,1,0.06673333333333353,0.2182769775390625,0.253193511962891,0.277293395996095,1,1.3346666666666671,44,0.41904761904761906,19
DJI_20260725161614_0006_D,shot_023.mp4,DJI_20260725161614_0006_D/shot_023.mp4,goal,1,0.06673333333333309,0.21843495088465126,0.25435058593750226,0.27701354980468884,1,1.3346666666666667,62,0.5904761904761905,19
DJI_20260725161614_0006_D,shot_024.mp4,DJI_20260725161614_0006_D/shot_024.mp4,goal,1,0.26693333333333324,1.274309046128217,0.45090652465820436,0.6870606231689438,0,999.0,20,0.19047619047619047,17
DJI_20260725161614_0006_D,shot_025.mp4,DJI_20260725161614_0006_D/shot_025.mp4,no_goal,1,0.2001999999999997,1.299088960535386,0.47357604980468476,0.5609597015380832,0,999.0,19,0.18095238095238095,3
DJI_20260725161614_0006_D,shot_026.mp4,DJI_20260725161614_0006_D/shot_026.mp4,goal,1,0.2002000000000006,0.7814733168658086,0.2592361450195289,0.36158050537109193,0,999.0,15,0.14285714285714285,4
DJI_20260725161614_0006_D,shot_027.mp4,DJI_20260725161614_0006_D/shot_027.mp4,no_goal,1,0.2002000000000006,0.4699118221507351,0.2798863983154275,0.24790115356445153,0,999.0,20,0.19047619047619047,4
DJI_20260725161614_0006_D,shot_028.mp4,DJI_20260725161614_0006_D/shot_028.mp4,goal,1,0.06673333333333353,0.09649532542509234,0.12933906555175687,0.12636032104492037,0,999.0,34,0.3238095238095238,19
DJI_20260725161614_0006_D,shot_029.mp4,DJI_20260725161614_0006_D/shot_029.mp4,no_goal,1,0.13346666666666707,0.5100094065946688,0.731397094726564,1.0387562561035166,0,999.0,19,0.18095238095238095,4
DJI_20260725161614_0006_D,shot_030.mp4,DJI_20260725161614_0006_D/shot_030.mp4,no_goal,1,0.26693333333333324,0.7617995318244483,0.4874912261962873,0.7290921783447241,0,999.0,18,0.17142857142857143,4
DJI_20260725161614_0006_D,shot_031.mp4,DJI_20260725161614_0006_D/shot_031.mp4,no_goal,1,0.06673333333333265,0.10570517147288645,0.5239930725097668,0.6470118713378918,0,999.0,21,0.2,7
DJI_20260725161614_0006_D,shot_032.mp4,DJI_20260725161614_0006_D/shot_032.mp4,no_goal,1,0.06673333333333353,0.2964709113625924,0.20106857299804504,0.09504043579101513,1,0.06673333333333265,26,0.24761904761904763,5
DJI_20260725161614_0006_D,shot_033.mp4,DJI_20260725161614_0006_D/shot_033.mp4,goal,1,0.13346666666666673,0.7433539895450368,0.32540916442870915,0.09310295104980419,1,0.06673333333333331,49,0.4666666666666667,4
DJI_20260725161614_0006_D,shot_034.mp4,DJI_20260725161614_0006_D/shot_034.mp4,no_goal,1,0.13346666666666707,0.12985947552849247,0.034062118530271565,0.18978927612304716,0,999.0,37,0.3523809523809524,18
DJI_20260725161614_0006_D,shot_035.mp4,DJI_20260725161614_0006_D/shot_035.mp4,no_goal,1,0.06673333333333353,0.2539439481847431,0.10936767578125234,0.1663949584960952,0,999.0,20,0.19047619047619047,11
DJI_20260725161614_0006_D,shot_036.mp4,DJI_20260725161614_0006_D/shot_036.mp4,goal,1,0.2001999999999997,0.8130040785845581,0.0033061218261742887,0.6381556701660134,0,999.0,27,0.2571428571428571,16
DJI_20260725161614_0006_D,shot_037.mp4,DJI_20260725161614_0006_D/shot_037.mp4,goal,1,0.26693333333333324,0.656084307502298,0.32905296325683414,0.02294944763183791,0,999.0,25,0.23809523809523808,2
DJI_20260725161614_0006_D,shot_038.mp4,DJI_20260725161614_0006_D/shot_038.mp4,no_goal,1,0.06673333333333353,0.5507365507238057,0.2756912231445325,0.3578364562988289,0,999.0,66,0.6285714285714286,18
DJI_20260725161614_0006_D,shot_039.mp4,DJI_20260725161614_0006_D/shot_039.mp4,no_goal,1,0.06673333333333353,0.2851591222426468,0.037776641845704236,0.04118659973144571,1,1.0010000000000003,34,0.3238095238095238,14
DJI_20260725161614_0006_D,shot_040.mp4,DJI_20260725161614_0006_D/shot_040.mp4,no_goal,1,0.06673333333333353,0.28540505801930116,0.037253417968751965,0.041771774291993295,1,1.001,50,0.4807692307692308,15
DJI_20260725162538_0007_D,shot_001.mp4,DJI_20260725162538_0007_D/shot_001.mp4,goal,1,0.26693333333333324,0.9260201846852021,0.16679054260253767,0.26659393310546714,0,999.0,33,0.3142857142857143,11
DJI_20260725162538_0007_D,shot_002.mp4,DJI_20260725162538_0007_D/shot_002.mp4,goal,1,0.4004000000000003,0.9348790785845585,0.18550857543945143,0.3620509338378885,0,999.0,59,0.5619047619047619,9
DJI_20260725162538_0007_D,shot_003.mp4,DJI_20260725162538_0007_D/shot_003.mp4,no_goal,1,0.06673333333333342,0.11505342371323544,0.18545951843261493,0.24436325073242013,0,999.0,60,0.5714285714285714,9
DJI_20260725162538_0007_D,shot_004.mp4,DJI_20260725162538_0007_D/shot_004.mp4,goal,1,0.3336666666666668,0.9685274011948525,0.4493617248535163,0.6051706695556628,0,999.0,42,0.4,22
DJI_20260725162538_0007_D,shot_005.mp4,DJI_20260725162538_0007_D/shot_005.mp4,no_goal,1,0.06673333333333353,0.08552533318014667,0.04902519226074272,0.12512359619140545,1,0.06673333333333353,57,0.5428571428571428,14
DJI_20260725162538_0007_D,shot_006.mp4,DJI_20260725162538_0007_D/shot_006.mp4,goal,1,0.06673333333333309,0.027209652171415518,0.5966393280029275,0.5092823791503893,0,999.0,62,0.5904761904761905,13
DJI_20260725162538_0007_D,shot_007.mp4,DJI_20260725162538_0007_D/shot_007.mp4,no_goal,1,0.06673333333333353,0.8230238970588238,0.3071526336669895,0.2187193298339848,1,0.2001999999999997,60,0.5714285714285714,19
DJI_20260725162538_0007_D,shot_008.mp4,DJI_20260725162538_0007_D/shot_008.mp4,no_goal,1,0.06673333333333353,0.09128274356617623,0.2993391418457049,0.3855383300781267,0,999.0,54,0.5142857142857142,13
DJI_20260725162538_0007_D,shot_009.mp4,DJI_20260725162538_0007_D/shot_009.mp4,no_goal,1,0.13346666666666662,0.2769644344554229,0.1809197998046868,0.01205657958984502,1,0.06673333333333353,58,0.5523809523809524,12
DJI_20260725162538_0007_D,shot_010.mp4,DJI_20260725162538_0007_D/shot_010.mp4,no_goal,1,0.20020000000000004,0.8001007080078124,0.13132202148437305,0.2676956176757832,0,999.0,61,0.580952380952381,14
DJI_20260725162538_0007_D,shot_011.mp4,DJI_20260725162538_0007_D/shot_011.mp4,no_goal,1,0.06673333333333353,0.10803438074448532,0.48277511596679723,0.6518959045410159,0,999.0,14,0.13333333333333333,5
DJI_20260725162538_0007_D,shot_012.mp4,DJI_20260725162538_0007_D/shot_012.mp4,goal,1,0.26693333333333324,0.7676212086397062,0.15454025268554533,0.10305282592773246,0,999.0,32,0.3047619047619048,11
DJI_20260725162538_0007_D,shot_013.mp4,DJI_20260725162538_0007_D/shot_013.mp4,no_goal,1,0.2001999999999997,1.0414455638212312,0.04441078186035054,0.6330375671386708,0,999.0,28,0.26666666666666666,17
DJI_20260725162538_0007_D,shot_014.mp4,DJI_20260725162538_0007_D/shot_014.mp4,no_goal,1,0.13346666666666707,0.10014756146599248,0.3397048950195303,0.048290939331053516,1,0.06673333333333265,27,0.2571428571428571,10
DJI_20260725162538_0007_D,shot_015.mp4,DJI_20260725162538_0007_D/shot_015.mp4,no_goal,0,999.0,0.0,1.0,1.0,0,999.0,17,0.1619047619047619,0
DJI_20260725162538_0007_D,shot_016.mp4,DJI_20260725162538_0007_D/shot_016.mp4,goal,1,0.06673333333333265,0.2530373965992642,0.11403366088867335,0.17250579833984206,1,1.668333333333334,22,0.20952380952380953,11
DJI_20260725162538_0007_D,shot_017.mp4,DJI_20260725162538_0007_D/shot_017.mp4,goal,1,0.46713333333333384,2.3123976763556975,0.051265792846680786,0.33136756896972464,0,999.0,28,0.26666666666666666,16
DJI_20260725162538_0007_D,shot_018.mp4,DJI_20260725162538_0007_D/shot_018.mp4,no_goal,1,0.06673333333333353,0.2593986960018383,0.4787800598144532,0.5947193908691414,0,999.0,23,0.21904761904761905,12
DJI_20260725162538_0007_D,shot_019.mp4,DJI_20260725162538_0007_D/shot_019.mp4,goal,1,0.06673333333333331,0.23323651482077196,0.41908981323242256,0.5374214172363299,0,999.0,53,0.5047619047619047,12
DJI_20260725162538_0007_D,shot_020.mp4,DJI_20260725162538_0007_D/shot_020.mp4,goal,1,0.2001999999999997,1.0012002383961398,0.27415794372558416,0.11194114685058515,0,999.0,23,0.21904761904761905,4
DJI_20260725162538_0007_D,shot_021.mp4,DJI_20260725162538_0007_D/shot_021.mp4,no_goal,1,0.06673333333333353,0.08842665728400777,0.15845397949218867,0.18809310913086025,0,999.0,41,0.3904761904761905,23
DJI_20260725162538_0007_D,shot_022.mp4,DJI_20260725162538_0007_D/shot_022.mp4,no_goal,1,0.06673333333333353,0.1795774572035849,0.40167251586913905,0.4159525299072247,0,999.0,19,0.18095238095238095,5
DJI_20260725162538_0007_D,shot_023.mp4,DJI_20260725162538_0007_D/shot_023.mp4,no_goal,1,0.2001999999999997,1.4758911132812496,0.339847640991209,0.10747993469238103,1,1.668333333333334,25,0.23809523809523808,14
DJI_20260725162538_0007_D,shot_024.mp4,DJI_20260725162538_0007_D/shot_024.mp4,goal,1,0.3336666666666668,1.0708081413717836,0.41155715942382726,0.21332977294921904,0,999.0,17,0.1619047619047619,4
DJI_20260725162538_0007_D,shot_025.mp4,DJI_20260725162538_0007_D/shot_025.mp4,goal,1,0.6673333333333327,0.721749159869026,0.27582557678222397,0.268892593383787,0,999.0,24,0.22857142857142856,12
DJI_20260725162538_0007_D,shot_026.mp4,DJI_20260725162538_0007_D/shot_026.mp4,no_goal,1,0.06673333333333265,0.1743110207950365,0.49716461181640775,0.5982537841796887,0,999.0,26,0.24761904761904763,10
DJI_20260725162538_0007_D,shot_027.mp4,DJI_20260725162538_0007_D/shot_027.mp4,no_goal,1,0.13346666666666618,0.3203256046070769,0.274698333740236,0.2879498291015606,1,0.06673333333333353,18,0.17142857142857143,5
DJI_20260725162538_0007_D,shot_028.mp4,DJI_20260725162538_0007_D/shot_028.mp4,goal,1,0.06673333333333353,0.10201559627757369,0.2921141052246083,0.19124588012695215,0,999.0,26,0.24761904761904763,13
DJI_20260725162538_0007_D,shot_029.mp4,DJI_20260725162538_0007_D/shot_029.mp4,no_goal,1,0.06673333333333353,0.16642079072840066,0.17614181518554858,0.2195167541503919,0,999.0,29,0.2761904761904762,20
DJI_20260725162538_0007_D,shot_030.mp4,DJI_20260725162538_0007_D/shot_030.mp4,no_goal,1,0.06673333333333353,0.29561462402343774,0.15470031738281154,0.11342216491699082,0,999.0,33,0.3142857142857143,12
DJI_20260725162538_0007_D,shot_031.mp4,DJI_20260725162538_0007_D/shot_031.mp4,no_goal,1,0.06673333333333353,0.08194526223575424,0.3996287536621115,0.4881455993652356,0,999.0,26,0.24761904761904763,10
DJI_20260725162538_0007_D,shot_032.mp4,DJI_20260725162538_0007_D/shot_032.mp4,no_goal,1,0.26693333333333324,1.3059225643382355,0.09189552307128672,0.25570419311523535,0,999.0,31,0.29523809523809524,9
DJI_20260725162538_0007_D,shot_033.mp4,DJI_20260725162538_0007_D/shot_033.mp4,no_goal,1,0.06673333333333353,0.13153919893152616,0.33143493652343825,0.40033248901367213,0,999.0,28,0.26666666666666666,6
DJI_20260725162538_0007_D,shot_034.mp4,DJI_20260725162538_0007_D/shot_034.mp4,no_goal,1,0.13346666666666707,0.3994770723230695,0.10910430908203203,0.21410614013671944,0,999.0,31,0.29523809523809524,13
DJI_20260725162538_0007_D,shot_035.mp4,DJI_20260725162538_0007_D/shot_035.mp4,goal,1,0.2001999999999997,0.8380123362821692,0.03039726257323989,0.39273788452148367,0,999.0,49,0.4666666666666667,19
DJI_20260725162538_0007_D,shot_036.mp4,DJI_20260725162538_0007_D/shot_036.mp4,no_goal,1,0.13346666666666618,0.5711924833409927,0.15753608703613214,0.011735229492185787,0,999.0,27,0.2571428571428571,4
DJI_20260725162538_0007_D,shot_037.mp4,DJI_20260725162538_0007_D/shot_037.mp4,no_goal,1,0.06673333333333353,0.047242826573988816,0.1892905426025385,0.13137527465820104,1,0.13346666666666707,53,0.5047619047619047,17
DJI_20260725163732_0008_D,shot_001.mp4,DJI_20260725163732_0008_D/shot_001.mp4,no_goal,1,0.06673333333333353,0.214253324620864,0.1799848937988293,0.22968658447265736,0,999.0,46,0.4380952380952381,18
DJI_20260725163732_0008_D,shot_002.mp4,DJI_20260725163732_0008_D/shot_002.mp4,no_goal,1,0.2001999999999997,0.3413242115693936,0.20139312744140825,0.2676073455810529,0,999.0,40,0.38095238095238093,11
DJI_20260725163732_0008_D,shot_003.mp4,DJI_20260725163732_0008_D/shot_003.mp4,no_goal,1,0.06673333333333331,0.214437327665441,0.12733016967773514,0.037246551513669575,1,0.20019999999999993,66,0.6285714285714286,9
DJI_20260725163732_0008_D,shot_004.mp4,DJI_20260725163732_0008_D/shot_004.mp4,goal,1,0.6006,0.5479565788717832,0.20064956665039146,0.3562820434570331,0,999.0,58,0.5523809523809524,16
DJI_20260725163732_0008_D,shot_005.mp4,DJI_20260725163732_0008_D/shot_005.mp4,no_goal,1,0.06673333333333353,0.17531612620634146,0.25210433959961076,0.33133224487304863,0,999.0,25,0.23809523809523808,4
DJI_20260725163732_0008_D,shot_006.mp4,DJI_20260725163732_0008_D/shot_006.mp4,no_goal,1,0.13346666666666707,0.6792171702665444,0.3522091674804703,0.472003021240236,0,999.0,17,0.1619047619047619,3
DJI_20260725163732_0008_D,shot_007.mp4,DJI_20260725163732_0008_D/shot_007.mp4,no_goal,1,0.06673333333333265,0.46083445829503683,0.2020388793945321,0.3166276550292989,1,1.6016000000000004,31,0.29523809523809524,15
DJI_20260725163732_0008_D,shot_008.mp4,DJI_20260725163732_0008_D/shot_008.mp4,goal,1,0.26693333333333324,1.6738493077895213,0.11206008911132762,0.3640457153320331,1,1.5348666666666673,39,0.37142857142857144,16
DJI_20260725163732_0008_D,shot_009.mp4,DJI_20260725163732_0008_D/shot_009.mp4,goal,1,0.2001999999999997,1.274923167509191,0.18306838989257757,0.15558563232421735,0,999.0,32,0.3047619047619048,12
DJI_20260725163732_0008_D,shot_010.mp4,DJI_20260725163732_0008_D/shot_010.mp4,no_goal,1,0.2001999999999997,0.24734532973345572,0.10367568969726683,0.398496093750001,0,999.0,37,0.3523809523809524,14
DJI_20260725163732_0008_D,shot_011.mp4,DJI_20260725163732_0008_D/shot_011.mp4,no_goal,1,0.13346666666666707,0.22097526999080871,0.34820510864257886,0.7665293884277355,0,999.0,8,0.0761904761904762,4
DJI_20260725163732_0008_D,shot_012.mp4,DJI_20260725163732_0008_D/shot_012.mp4,no_goal,1,0.06673333333333353,1.3407511991613053,0.06933059692382594,0.05814941406249896,0,999.0,29,0.2761904761904762,15
DJI_20260725163732_0008_D,shot_013.mp4,DJI_20260725163732_0008_D/shot_013.mp4,no_goal,1,0.2002000000000006,0.8158860150505512,0.4547079467773419,0.4611254882812492,0,999.0,15,0.14285714285714285,4
DJI_20260725163732_0008_D,shot_014.mp4,DJI_20260725163732_0008_D/shot_014.mp4,no_goal,1,0.06673333333333353,0.14332472857307016,0.1350996398925786,0.3043023681640646,0,999.0,40,0.38095238095238093,16
DJI_20260725163732_0008_D,shot_015.mp4,DJI_20260725163732_0008_D/shot_015.mp4,goal,1,0.06673333333333265,0.05313325769761012,0.0038045501708964453,0.1171546173095691,1,0.06673333333333353,31,0.29523809523809524,8
DJI_20260725163732_0008_D,shot_016.mp4,DJI_20260725163732_0008_D/shot_016.mp4,goal,1,0.06673333333333353,0.10386101217830893,0.2279848480224599,0.17844779968261465,0,999.0,34,0.3238095238095238,17
DJI_20260725163732_0008_D,shot_017.mp4,DJI_20260725163732_0008_D/shot_017.mp4,goal,1,0.26693333333333324,0.618761488970588,0.009088058471680675,0.15800872802734306,0,999.0,15,0.14285714285714285,4
DJI_20260725163732_0008_D,shot_018.mp4,DJI_20260725163732_0008_D/shot_018.mp4,no_goal,1,0.06673333333333353,0.3133875229779406,0.33104309082031286,0.32924301147461155,0,999.0,13,0.12380952380952381,3
DJI_20260725163732_0008_D,shot_019.mp4,DJI_20260725163732_0008_D/shot_019.mp4,goal,1,0.2001999999999997,0.6153693704044115,0.03451507568359486,0.4081136322021476,0,999.0,36,0.34285714285714286,16
DJI_20260725163732_0008_D,shot_020.mp4,DJI_20260725163732_0008_D/shot_020.mp4,goal,1,0.06673333333333353,0.12191880170036734,0.04422111511230253,0.06436126708984272,0,999.0,23,0.21904761904761905,10
DJI_20260725163732_0008_D,shot_021.mp4,DJI_20260725163732_0008_D/shot_021.mp4,no_goal,1,0.06673333333333353,1.4557215073529408,0.4617041015624988,0.054650039672849676,0,999.0,41,0.3904761904761905,16
DJI_20260725163732_0008_D,shot_022.mp4,DJI_20260725163732_0008_D/shot_022.mp4,no_goal,1,0.06673333333333353,0.0996140423943013,0.29680007934570346,0.3537362670898458,0,999.0,37,0.3523809523809524,17
DJI_20260725163732_0008_D,shot_023.mp4,DJI_20260725163732_0008_D/shot_023.mp4,goal,1,0.26693333333333324,1.0677371754365805,0.4199276733398439,0.56359764099121,0,999.0,26,0.24761904761904763,21
DJI_20260725163732_0008_D,shot_024.mp4,DJI_20260725163732_0008_D/shot_024.mp4,goal,1,0.2001999999999997,0.6122260598575364,0.1644743347167952,0.10588417053222436,0,999.0,33,0.3142857142857143,20
DJI_20260725163732_0008_D,shot_025.mp4,DJI_20260725163732_0008_D/shot_025.mp4,no_goal,1,0.13346666666666707,0.5476679184857537,0.7789894104003908,1.0292869567871101,0,999.0,18,0.17142857142857143,4
DJI_20260725163732_0008_D,shot_026.mp4,DJI_20260725163732_0008_D/shot_026.mp4,no_goal,1,0.13346666666666707,0.4434679816750918,0.28567352294921927,0.48485031127929795,0,999.0,39,0.37142857142857144,9
DJI_20260725163732_0008_D,shot_027.mp4,DJI_20260725163732_0008_D/shot_027.mp4,goal,1,0.26693333333333324,1.4290444766773898,0.34530136108398657,0.2712847900390612,0,999.0,7,0.06666666666666667,3
DJI_20260725163732_0008_D,shot_028.mp4,DJI_20260725163732_0008_D/shot_028.mp4,goal,1,0.26693333333333324,1.6537980023552392,0.268579254150392,0.13469345092773669,0,999.0,7,0.06666666666666667,3
DJI_20260725163732_0008_D,shot_029.mp4,DJI_20260725163732_0008_D/shot_029.mp4,goal,1,0.06673333333333353,0.2818565817440259,0.030656814575196003,0.096585083007811,0,999.0,22,0.20952380952380953,14
DJI_20260725164655_0009_D,shot_001.mp4,DJI_20260725164655_0009_D/shot_001.mp4,no_goal,1,0.06673333333333309,0.2027234213692801,0.2644298299153647,0.4598651123046878,0,999.0,57,0.5428571428571428,18
DJI_20260725164655_0009_D,shot_002.mp4,DJI_20260725164655_0009_D/shot_002.mp4,no_goal,1,0.06673333333333353,0.19906697954450342,0.5896498616536455,0.4536336263020836,0,999.0,36,0.34285714285714286,9
DJI_20260725164655_0009_D,shot_003.mp4,DJI_20260725164655_0009_D/shot_003.mp4,no_goal,1,0.06673333333333353,0.23936892918178018,0.8568404134114587,0.9841933186848962,0,999.0,19,0.18095238095238095,4
DJI_20260725164655_0009_D,shot_004.mp4,DJI_20260725164655_0009_D/shot_004.mp4,goal,1,0.4004000000000003,1.8755247116088867,1.0683143107096356,0.1162435913085936,0,999.0,17,0.1619047619047619,9
DJI_20260725164655_0009_D,shot_005.mp4,DJI_20260725164655_0009_D/shot_005.mp4,no_goal,1,0.06673333333333353,1.8090017591203964,0.1500877888997394,0.18703623453776075,0,999.0,29,0.2761904761904762,5
DJI_20260725164655_0009_D,shot_006.mp4,DJI_20260725164655_0009_D/shot_006.mp4,no_goal,1,0.06673333333333265,0.31260266985212065,0.3947985839843753,0.11639790852864565,0,999.0,13,0.12380952380952381,1
DJI_20260725164655_0009_D,shot_007.mp4,DJI_20260725164655_0009_D/shot_007.mp4,goal,1,0.13346666666666707,0.18888953072684161,0.043814290364583286,0.4257310994466145,0,999.0,40,0.38095238095238093,13
DJI_20260725164655_0009_D,shot_008.mp4,DJI_20260725164655_0009_D/shot_008.mp4,no_goal,1,0.13346666666666707,0.24828082493373316,0.005742696126301894,0.0316453043619795,1,0.26693333333333324,41,0.3904761904761905,25
DJI_20260725164655_0009_D,shot_009.mp4,DJI_20260725164655_0009_D/shot_009.mp4,no_goal,1,0.2002000000000006,0.3123575483049666,0.27233551025390595,0.140876871744792,0,999.0,37,0.3523809523809524,4
DJI_20260725164655_0009_D,shot_010.mp4,DJI_20260725164655_0009_D/shot_010.mp4,no_goal,1,0.2001999999999997,0.5948163168770927,0.09083068847656221,0.30805786132812474,0,999.0,27,0.2571428571428571,15
DJI_20260725164655_0009_D,shot_011.mp4,DJI_20260725164655_0009_D/shot_011.mp4,no_goal,1,0.06673333333333353,0.12180895124162935,0.030434875488280964,0.14253061930338545,0,999.0,34,0.3238095238095238,15
DJI_20260725164655_0009_D,shot_012.mp4,DJI_20260725164655_0009_D/shot_012.mp4,no_goal,1,0.2001999999999997,1.116920294080462,0.5913526407877605,0.12320912679036482,0,999.0,22,0.20952380952380953,16
DJI_20260725164655_0009_D,shot_013.mp4,DJI_20260725164655_0009_D/shot_013.mp4,no_goal,1,0.06673333333333353,0.10377486092703675,0.2574152628580727,0.1445702107747394,0,999.0,42,0.4,6
DJI_20260725164655_0009_D,shot_014.mp4,DJI_20260725164655_0009_D/shot_014.mp4,goal,1,0.20020000000000016,0.6601735251290457,0.25896881103515595,0.4266302490234374,1,0.06673333333333309,52,0.49523809523809526,12
DJI_20260725164655_0009_D,shot_015.mp4,DJI_20260725164655_0009_D/shot_015.mp4,no_goal,1,0.06673333333333353,0.2014854976109096,0.24182678222656265,0.3392313639322914,0,999.0,48,0.45714285714285713,16
DJI_20260725164655_0009_D,shot_016.mp4,DJI_20260725164655_0009_D/shot_016.mp4,no_goal,1,0.06673333333333353,0.27144895281110504,0.500167541503906,0.21946512858072892,0,999.0,20,0.19047619047619047,14
DJI_20260725164655_0009_D,shot_017.mp4,DJI_20260725164655_0009_D/shot_017.mp4,no_goal,1,0.06673333333333331,0.273016357421875,0.4982832845052087,0.21876322428385392,0,999.0,57,0.5428571428571428,15
DJI_20260725164655_0009_D,shot_018.mp4,DJI_20260725164655_0009_D/shot_018.mp4,no_goal,1,0.13346666666666707,0.26127689906529017,0.27133422851562516,0.27103230794270844,1,0.06673333333333265,19,0.18095238095238095,6
DJI_20260725164655_0009_D,shot_019.mp4,DJI_20260725164655_0009_D/shot_019.mp4,goal,1,0.20020000000000016,0.828231702532087,0.09045277913411454,0.597419840494792,1,1.8018,43,0.4095238095238095,12
DJI_20260725164655_0009_D,shot_020.mp4,DJI_20260725164655_0009_D/shot_020.mp4,no_goal,1,0.06673333333333353,0.1712521144321987,0.33181091308593763,0.34579884847005216,0,999.0,27,0.2571428571428571,16
DJI_20260725164655_0009_D,shot_021.mp4,DJI_20260725164655_0009_D/shot_021.mp4,no_goal,1,0.06673333333333353,0.33220825195312503,0.2143019612630205,0.03499165852864579,0,999.0,23,0.21904761904761905,11
DJI_20260725164655_0009_D,shot_022.mp4,DJI_20260725164655_0009_D/shot_022.mp4,no_goal,1,0.13346666666666707,0.4778338841029576,0.14215291341145858,0.4374123128255206,0,999.0,11,0.10476190476190476,4
DJI_20260725164655_0009_D,shot_023.mp4,DJI_20260725164655_0009_D/shot_023.mp4,no_goal,1,0.06673333333333353,0.3165303911481584,0.3265716552734375,0.2943979899088539,1,0.2001999999999997,46,0.4380952380952381,18
DJI_20260725164655_0009_D,shot_024.mp4,DJI_20260725164655_0009_D/shot_024.mp4,no_goal,1,0.06673333333333353,0.14650491986955927,0.324693196614583,0.2253488159179689,0,999.0,27,0.2571428571428571,14
DJI_20260725164655_0009_D,shot_025.mp4,DJI_20260725164655_0009_D/shot_025.mp4,goal,1,0.13346666666666662,0.340301513671875,0.3232168579101561,0.1296494547526045,0,999.0,53,0.5047619047619047,13
DJI_20260725164655_0009_D,shot_026.mp4,DJI_20260725164655_0009_D/shot_026.mp4,goal,1,0.06673333333333265,0.12526964460100454,0.29275970458984374,0.14889038085937473,0,999.0,37,0.3523809523809524,19
DJI_20260725164655_0009_D,shot_027.mp4,DJI_20260725164655_0009_D/shot_027.mp4,goal,1,0.06673333333333331,0.04897166660853789,0.8703384908040362,0.8772614034016926,0,999.0,32,0.3047619047619048,12
DJI_20260725164655_0009_D,shot_028.mp4,DJI_20260725164655_0009_D/shot_028.mp4,no_goal,1,0.06673333333333353,0.27930172511509493,0.25556182861328125,0.3250337727864583,0,999.0,21,0.2,7
DJI_20260725164655_0009_D,shot_029.mp4,DJI_20260725164655_0009_D/shot_029.mp4,no_goal,1,0.06673333333333331,0.2784232003348213,0.2546989949544269,0.32470692952473923,0,999.0,43,0.4095238095238095,7
DJI_20260725164655_0009_D,shot_030.mp4,DJI_20260725164655_0009_D/shot_030.mp4,no_goal,1,0.06673333333333265,0.34305812290736604,0.395570475260417,0.2333137003580731,0,999.0,16,0.1523809523809524,9
DJI_20260725164655_0009_D,shot_031.mp4,DJI_20260725164655_0009_D/shot_031.mp4,no_goal,1,0.06673333333333265,0.29664715358189186,0.5655027262369785,0.6547398885091141,0,999.0,23,0.21904761904761905,9
DJI_20260725164655_0009_D,shot_032.mp4,DJI_20260725164655_0009_D/shot_032.mp4,no_goal,1,0.13346666666666707,0.16349372863769532,0.2051351928710936,0.25865254720052067,1,0.06673333333333353,19,0.18095238095238095,5
DJI_20260725164655_0009_D,shot_033.mp4,DJI_20260725164655_0009_D/shot_033.mp4,no_goal,1,0.13346666666666618,0.26675540379115514,0.26750600179036466,0.09098683675130204,0,999.0,14,0.13333333333333333,6
DJI_20260725164655_0009_D,shot_034.mp4,DJI_20260725164655_0009_D/shot_034.mp4,no_goal,1,0.06673333333333353,0.2609392438616071,0.05544779459635407,0.3219757080078125,1,0.13346666666666618,23,0.21904761904761905,7
DJI_20260725164655_0009_D,shot_035.mp4,DJI_20260725164655_0009_D/shot_035.mp4,no_goal,1,0.13346666666666707,0.38539205278669086,0.39547251383463544,0.19391988118489606,0,999.0,44,0.41904761904761906,15
DJI_20260725164655_0009_D,shot_036.mp4,DJI_20260725164655_0009_D/shot_036.mp4,no_goal,1,0.26693333333333413,0.7150926862444195,0.09311319986979143,0.7104487101236977,0,999.0,18,0.17142857142857143,6
DJI_20260725164655_0009_D,shot_037.mp4,DJI_20260725164655_0009_D/shot_037.mp4,no_goal,1,0.13346666666666707,0.11680701119559139,0.4751324462890622,0.07007700602213518,0,999.0,19,0.18095238095238095,11
DJI_20260725164655_0009_D,shot_038.mp4,DJI_20260725164655_0009_D/shot_038.mp4,goal,1,0.46713333333333384,0.82231319972447,0.0927687581380205,0.07119405110677093,0,999.0,18,0.17142857142857143,11
DJI_20260725164655_0009_D,shot_039.mp4,DJI_20260725164655_0009_D/shot_039.mp4,goal,1,0.06673333333333353,0.10329540797642282,0.39457173665364564,0.3909032185872398,0,999.0,31,0.29523809523809524,14
DJI_20260725164655_0009_D,shot_040.mp4,DJI_20260725164655_0009_D/shot_040.mp4,no_goal,1,0.13346666666666707,0.38402486528669083,0.14397318522135408,0.39548889160156264,1,0.13346666666666618,17,0.1619047619047619,7
DJI_20260725164655_0009_D,shot_041.mp4,DJI_20260725164655_0009_D/shot_041.mp4,no_goal,1,0.13346666666666707,0.10848415919712603,0.22141245524088546,0.07938151041666686,1,0.13346666666666618,18,0.17142857142857143,6
DJI_20260725170144_0010_D,shot_001.mp4,DJI_20260725170144_0010_D/shot_001.mp4,goal,1,0.06673333333333353,0.14157976422991067,0.16225158691406277,0.15815114339192676,0,999.0,55,0.5238095238095238,15
DJI_20260725170144_0010_D,shot_002.mp4,DJI_20260725170144_0010_D/shot_002.mp4,goal,1,0.06673333333333337,0.15128037588936943,0.1616399129231773,0.16088083902994796,0,999.0,61,0.580952380952381,15
DJI_20260725170144_0010_D,shot_003.mp4,DJI_20260725170144_0010_D/shot_003.mp4,goal,1,0.13346666666666618,0.2569126674107144,0.21362030029296902,0.19842020670572894,0,999.0,42,0.4,17
DJI_20260725170144_0010_D,shot_004.mp4,DJI_20260725170144_0010_D/shot_004.mp4,goal,1,0.4004000000000001,1.3268884931291853,0.21378631591796876,0.1635016886393231,0,999.0,50,0.47619047619047616,16
DJI_20260725170144_0010_D,shot_005.mp4,DJI_20260725170144_0010_D/shot_005.mp4,goal,1,0.40039999999999987,0.772891398838588,0.27616241455078094,0.2975295003255205,1,1.6016,57,0.5428571428571428,13
DJI_20260725170144_0010_D,shot_006.mp4,DJI_20260725170144_0010_D/shot_006.mp4,no_goal,1,0.4004,0.7645364488874163,0.23535085042317688,0.3142203776041669,1,1.6016,53,0.5047619047619047,13
DJI_20260725170144_0010_D,shot_007.mp4,DJI_20260725170144_0010_D/shot_007.mp4,no_goal,1,0.06673333333333265,0.42921976361955927,0.5322633870442715,0.23381123860677064,0,999.0,8,0.0761904761904762,5
DJI_20260725170144_0010_D,shot_008.mp4,DJI_20260725170144_0010_D/shot_008.mp4,goal,1,0.46713333333333296,0.9633256639753072,0.43760121663411483,0.28883382161458326,0,999.0,30,0.2857142857142857,14
DJI_20260725170144_0010_D,shot_009.mp4,DJI_20260725170144_0010_D/shot_009.mp4,goal,1,0.06673333333333353,0.25937723432268406,0.5997981770833334,0.3964021809895833,0,999.0,45,0.42857142857142855,19
DJI_20260725170144_0010_D,shot_010.mp4,DJI_20260725170144_0010_D/shot_010.mp4,no_goal,1,0.06673333333333265,0.24469272068568626,0.33167388916015594,0.17501444498697935,1,0.2002000000000006,59,0.5619047619047619,16
DJI_20260725170332_0011_D,shot_001.mp4,DJI_20260725170332_0011_D/shot_001.mp4,goal,1,0.06673333333333353,0.16215302603585383,0.3829242960611978,0.27882141113281234,0,999.0,39,0.37142857142857144,12
DJI_20260725170332_0011_D,shot_002.mp4,DJI_20260725170332_0011_D/shot_002.mp4,goal,1,0.13346666666666707,0.12100731985909598,0.08861826578776047,0.18347249348958314,0,999.0,35,0.3333333333333333,14
DJI_20260725170332_0011_D,shot_003.mp4,DJI_20260725170332_0011_D/shot_003.mp4,goal,1,0.13346666666666618,0.3279195513044086,0.2549280802408852,0.265040690104167,0,999.0,29,0.2761904761904762,8
DJI_20260725170332_0011_D,shot_004.mp4,DJI_20260725170332_0011_D/shot_004.mp4,no_goal,1,0.06673333333333334,0.3185266767229353,0.0848975626627606,0.10256337483723925,0,999.0,71,0.6761904761904762,18
DJI_20260725170332_0011_D,shot_005.mp4,DJI_20260725170332_0011_D/shot_005.mp4,no_goal,1,0.06673333333333353,0.24805352347237714,0.2961167399088545,0.056970011393229214,1,0.13346666666666707,43,0.4095238095238095,11
DJI_20260725170332_0011_D,shot_006.mp4,DJI_20260725170332_0011_D/shot_006.mp4,no_goal,1,0.13346666666666618,0.4964157104492188,0.39361307779947907,0.14482106526692676,1,0.13346666666666707,17,0.1619047619047619,4
DJI_20260725170332_0011_D,shot_007.mp4,DJI_20260725170332_0011_D/shot_007.mp4,no_goal,1,0.2002000000000006,1.2534851074218754,0.1059227498372394,0.024222920735677177,0,999.0,22,0.20952380952380953,12
DJI_20260725170332_0011_D,shot_008.mp4,DJI_20260725170332_0011_D/shot_008.mp4,goal,1,0.13346666666666707,0.7557075500488281,0.08401672363281279,0.2559823608398439,0,999.0,19,0.18095238095238095,15
DJI_20260725170332_0011_D,shot_009.mp4,DJI_20260725170332_0011_D/shot_009.mp4,goal,1,0.3336666666666668,1.71253411429269,0.2114816284179689,0.6083099365234375,0,999.0,16,0.1523809523809524,11
DJI_20260725170332_0011_D,shot_010.mp4,DJI_20260725170332_0011_D/shot_010.mp4,no_goal,1,0.2001999999999997,0.5106762477329799,0.6189078776041669,0.20562917073567705,1,0.13346666666666707,39,0.37142857142857144,11
DJI_20260725170332_0011_D,shot_011.mp4,DJI_20260725170332_0011_D/shot_011.mp4,goal,1,0.3336666666666668,0.4943716321672711,0.2965726725260417,0.2153085327148439,0,999.0,24,0.22857142857142856,7
DJI_20260725170332_0011_D,shot_012.mp4,DJI_20260725170332_0011_D/shot_012.mp4,no_goal,1,0.06673333333333353,0.48089975629534043,0.26379964192708344,0.1387463378906247,0,999.0,10,0.09523809523809523,7
DJI_20260725170332_0011_D,shot_013.mp4,DJI_20260725170332_0011_D/shot_013.mp4,no_goal,1,0.06673333333333353,0.09784970964704237,0.3330950927734378,0.09692708333333329,0,999.0,17,0.1619047619047619,5
DJI_20260725170332_0011_D,shot_014.mp4,DJI_20260725170332_0011_D/shot_014.mp4,no_goal,1,0.3336666666666659,0.6753096444266184,0.19195851643880174,0.39638519287109375,0,999.0,21,0.2,8
DJI_20260725170332_0011_D,shot_015.mp4,DJI_20260725170332_0011_D/shot_015.mp4,no_goal,1,0.06673333333333353,0.3730099269321987,0.08865224202473954,0.08089050292968736,1,0.13346666666666707,16,0.1523809523809524,9
DJI_20260725170332_0011_D,shot_016.mp4,DJI_20260725170332_0011_D/shot_016.mp4,no_goal,1,0.13346666666666707,0.30398586818150103,0.2887037150065105,0.1304403686523436,1,0.2001999999999997,35,0.3333333333333333,13
DJI_20260725170332_0011_D,shot_017.mp4,DJI_20260725170332_0011_D/shot_017.mp4,goal,1,0.2001999999999997,1.064202390398298,0.23123504638671905,0.3974968465169269,0,999.0,23,0.21904761904761905,13
DJI_20260725170332_0011_D,shot_018.mp4,DJI_20260725170332_0011_D/shot_018.mp4,goal,1,0.06673333333333353,0.2682921818324497,0.44034810384114564,0.34847757975260407,0,999.0,24,0.22857142857142856,4
DJI_20260725170332_0011_D,shot_019.mp4,DJI_20260725170332_0011_D/shot_019.mp4,no_goal,1,0.13346666666666707,0.4696916307721819,0.047575988769531105,0.09188832600911426,0,999.0,31,0.29523809523809524,9
DJI_20260725170332_0011_D,shot_020.mp4,DJI_20260725170332_0011_D/shot_020.mp4,goal,1,0.3336666666666668,1.6254015241350446,0.38089843750000013,0.13199869791666644,0,999.0,29,0.2761904761904762,19
DJI_20260725170332_0011_D,shot_021.mp4,DJI_20260725170332_0011_D/shot_021.mp4,no_goal,1,0.06673333333333331,0.2749287741524832,0.21483957926432282,0.3511117553710939,1,0.20019999999999993,61,0.580952380952381,9
DJI_20260725170332_0011_D,shot_022.mp4,DJI_20260725170332_0011_D/shot_022.mp4,no_goal,1,0.06673333333333353,0.24824311392647883,0.4648007202148435,0.145768636067708,1,0.13346666666666707,27,0.2571428571428571,12
DJI_20260725170332_0011_D,shot_023.mp4,DJI_20260725170332_0011_D/shot_023.mp4,no_goal,1,0.13346666666666707,0.5916077750069758,0.049253743489583,0.34392588297526033,0,999.0,21,0.2,7
DJI_20260725170332_0011_D,shot_024.mp4,DJI_20260725170332_0011_D/shot_024.mp4,no_goal,1,0.26693333333333413,0.42163042340959817,0.4333082071940105,0.604643147786458,0,999.0,25,0.23809523809523808,11
DJI_20260725170332_0011_D,shot_025.mp4,DJI_20260725170332_0011_D/shot_025.mp4,no_goal,1,0.06673333333333353,0.36904313223702573,0.22574198404947907,0.12451578776041643,1,0.26693333333333324,17,0.1619047619047619,10
DJI_20260725170332_0011_D,shot_026.mp4,DJI_20260725170332_0011_D/shot_026.mp4,no_goal,1,0.06673333333333353,0.11392816816057469,0.21002868652343737,0.092671305338542,1,0.26693333333333324,40,0.38095238095238093,18
DJI_20260725170332_0011_D,shot_027.mp4,DJI_20260725170332_0011_D/shot_027.mp4,no_goal,1,0.06673333333333353,0.2829954419817244,0.33502095540364607,0.257952880859375,1,0.06673333333333265,15,0.14285714285714285,5
DJI_20260725170332_0011_D,shot_028.mp4,DJI_20260725170332_0011_D/shot_028.mp4,no_goal,1,0.06673333333333265,0.17870319911411847,0.08068105061848954,0.07729614257812471,1,0.2002000000000006,31,0.29523809523809524,15
DJI_20260725170332_0011_D,shot_029.mp4,DJI_20260725170332_0011_D/shot_029.mp4,no_goal,1,0.13346666666666618,0.28443085806710394,0.08570424397786454,0.371455586751302,1,0.06673333333333353,43,0.4095238095238095,3
DJI_20260725170332_0011_D,shot_030.mp4,DJI_20260725170332_0011_D/shot_030.mp4,no_goal,1,0.20019999999999993,0.8850820813860214,0.20749074300130205,0.15905019124348954,0,999.0,51,0.4857142857142857,3
DJI_20260725170332_0011_D,shot_031.mp4,DJI_20260725170332_0011_D/shot_031.mp4,no_goal,1,0.06673333333333331,0.16264850071498335,0.5820474243164064,0.5784564208984377,0,999.0,52,0.49523809523809526,8
DJI_20260725170332_0011_D,shot_032.mp4,DJI_20260725170332_0011_D/shot_032.mp4,no_goal,1,0.13346666666666707,0.7583164760044644,0.3554027303059897,0.24857259114583313,0,999.0,19,0.18095238095238095,8
